cse_033_001,Pankajsree Das,Pradyut Das,daspankajsree@gmail.com,9089589666
cse_033_002,Pankaj Das,Pra Das,daspsd@gmail.com,9774590725
cse_033_003,Pankajsree Das,Pradyut Das,daspankajsree@gmail.com,9089589666
cse_033_004,Pankaj Das,Pra Das,daspsd@gmail.com,9774590725
cse_033_005,Pankajsree Das,Pradyut Das,daspankajsree@gmail.com,9089589666
cse_033_006,Pankaj Das,Pra Das,daspsd@gmail.com,9774590725
cse_033_007,Pankajsree Das,Pradyut Das,daspankajsree@gmail.com,9089589666
cse_033_008,Pankaj Das,Pra Das,daspsd@gmail.com,9774590725
cse_033_009,Pankajsree Das,Pradyut Das,daspankajsree@gmail.com,9089589666
cse_033_010,Pankaj Das,Pra Das,daspsd@gmail.com,9774590725
cse_033_011,Pankajsree Das,Pradyut Das,daspankajsree@gmail.com,9089589666
cse_033_012,Pankaj Das,Pra Das,daspsd@gmail.com,9774590725
cse_033_013,Pankajsree Das,Pradyut Das,daspankajsree@gmail.com,9089589666
cse_033_014,Pankaj Das,Pra Das,daspsd@gmail.com,9774590725
cse_033_015,Pankajsree Das,Pradyut Das,daspankajsree@gmail.com,9089589666
cse_033_016,Pankaj Das,Pra Das,daspsd@gmail.com,9774590725
cse_033_017,Pankajsree Das,Pradyut Das,daspankajsree@gmail.com,9089589666
cse_033_018,Pankaj Das,Pra Das,daspsd@gmail.com,9774590725
cse_033_019,Pankajsree Das,Pradyut Das,daspankajsree@gmail.com,9089589666
cse_033_020,Pankaj Das,Pra Das,daspsd@gmail.com,9774590725
cse_033_021,Pankajsree Das,Pradyut Das,daspankajsree@gmail.com,9089589666
cse_033_022,Pankaj Das,Pra Das,daspsd@gmail.com,9774590725
cse_033_023,Pankajsree Das,Pradyut Das,daspankajsree@gmail.com,9089589666
cse_033_024,Pankaj Das,Pra Das,daspsd@gmail.com,9774590725
cse_033_025,Pankajsree Das,Pradyut Das,daspankajsree@gmail.com,9089589666