"Lorem ipsum dolor sit amet, consectetur adipisicing elit. Dolore sit ipsam nesciunt, a aspernatur rerum."	India	West Indies	Pakistan	Australia	1
SET @OLD_CHARACTER_SET_CLIENT=@@CHARACTER_SET_CLIENT	some	many	test	dntud	
"Lorem ipsum dolor sit amet, consectetur adipisicing elit. Dolore sit ipsam nesciunt, a aspernatur rerum."	test	some	dntud	many	
SET @OLD_CHARACTER_SET_CLIENT=@@CHARACTER_SET_CLIENT	dntud	some	many	test	
"Lorem ipsum dolor sit amet, consectetur adipisicing elit. Dolore sit ipsam nesciunt, a aspernatur rerum."	test	many	some	dntud	
SET @OLD_CHARACTER_SET_CLIENT=@@CHARACTER_SET_CLIENT	many	some	test	dntud	1
"Lorem ipsum dolor sit amet, consectetur adipisicing elit. Dolore sit ipsam nesciunt, a aspernatur rerum."	some	many	dntud	test	
SET @OLD_CHARACTER_SET_CLIENT=@@CHARACTER_SET_CLIENT	test	dntud	many	some	
"Lorem ipsum dolor sit amet, consectetur adipisicing elit. Dolore sit ipsam nesciunt, a aspernatur rerum."	test	dntud	some	many	
SET @OLD_CHARACTER_SET_CLIENT=@@CHARACTER_SET_CLIENT	dntud	some	many	test	1
"Lorem ipsum dolor sit amet, consectetur adipisicing elit. Dolore sit ipsam nesciunt, a aspernatur rerum."	dntud	some	many	test	
SET @OLD_CHARACTER_SET_CLIENT=@@CHARACTER_SET_CLIENT	some	many	dntud	test	
"Lorem ipsum dolor sit amet, consectetur adipisicing elit. Dolore sit ipsam nesciunt, a aspernatur rerum."	many	some	test	dntud	
SET @OLD_CHARACTER_SET_CLIENT=@@CHARACTER_SET_CLIENT	many	test	dntud	some	
"Lorem ipsum dolor sit amet, consectetur adipisicing elit. Dolore sit ipsam nesciunt, a aspernatur rerum."	some	dntud	many	test	
SET @OLD_CHARACTER_SET_CLIENT=@@CHARACTER_SET_CLIENT	dntud	many	some	test	
"Lorem ipsum dolor sit amet, consectetur adipisicing elit. Dolore sit ipsam nesciunt, a aspernatur rerum."	test	dntud	some	many	
SET @OLD_CHARACTER_SET_CLIENT=@@CHARACTER_SET_CLIENT	dntud	some	many	test	
"Lorem ipsum dolor sit amet, consectetur adipisicing elit. Dolore sit ipsam nesciunt, a aspernatur rerum."	test	many	dntud	some	
SET @OLD_CHARACTER_SET_CLIENT=@@CHARACTER_SET_CLIENT	some	many	dntud	test	
"Lorem ipsum dolor sit amet, consectetur adipisicing elit. Dolore sit ipsam nesciunt, a aspernatur rerum."	many	test	some	dntud	
SET @OLD_CHARACTER_SET_CLIENT=@@CHARACTER_SET_CLIENT	many	some	dntud	test	
"Lorem ipsum dolor sit amet, consectetur adipisicing elit. Dolore sit ipsam nesciunt, a aspernatur rerum."	dntud	many	test	some	
SET @OLD_CHARACTER_SET_CLIENT=@@CHARACTER_SET_CLIENT	some	test	many	dntud	
"Lorem ipsum dolor sit amet, consectetur adipisicing elit. Dolore sit ipsam nesciunt, a aspernatur rerum."	test	dntud	some	many	
SET @OLD_CHARACTER_SET_CLIENT=@@CHARACTER_SET_CLIENT	test	some	many	dntud	
"Lorem ipsum dolor sit amet, consectetur adipisicing elit. Dolore sit ipsam nesciunt, a aspernatur rerum."	test	many	dntud	some	
SET @OLD_CHARACTER_SET_CLIENT=@@CHARACTER_SET_CLIENT	many	some	dntud	test	
"Lorem ipsum dolor sit amet, consectetur adipisicing elit. Dolore sit ipsam nesciunt, a aspernatur rerum."	some	many	dntud	test	
SET @OLD_CHARACTER_SET_CLIENT=@@CHARACTER_SET_CLIENT	many	test	some	dntud	
"Lorem ipsum dolor sit amet, consectetur adipisicing elit. Dolore sit ipsam nesciunt, a aspernatur rerum."	many	some	test	dntud	
SET @OLD_CHARACTER_SET_CLIENT=@@CHARACTER_SET_CLIENT	test	many	dntud	some	
"Lorem ipsum dolor sit amet, consectetur adipisicing elit. Dolore sit ipsam nesciunt, a aspernatur rerum."	some	dntud	many	test	
SET @OLD_CHARACTER_SET_CLIENT=@@CHARACTER_SET_CLIENT	dntud	some	test	many	
"Lorem ipsum dolor sit amet, consectetur adipisicing elit. Dolore sit ipsam nesciunt, a aspernatur rerum."	dntud	some	many	test	
SET @OLD_CHARACTER_SET_CLIENT=@@CHARACTER_SET_CLIENT	dntud	many	some	test	
"Lorem ipsum dolor sit amet, consectetur adipisicing elit. Dolore sit ipsam nesciunt, a aspernatur rerum."	many	dntud	some	test	
SET @OLD_CHARACTER_SET_CLIENT=@@CHARACTER_SET_CLIENT	many	some	dntud	test	
"Lorem ipsum dolor sit amet, consectetur adipisicing elit. Dolore sit ipsam nesciunt, a aspernatur rerum."	test	dntud	many	some	
SET @OLD_CHARACTER_SET_CLIENT=@@CHARACTER_SET_CLIENT	test	some	many	dntud	1
"Lorem ipsum dolor sit amet, consectetur adipisicing elit. Dolore sit ipsam nesciunt, a aspernatur rerum."	some	many	test	dntud	
SET @OLD_CHARACTER_SET_CLIENT=@@CHARACTER_SET_CLIENT	many	some	dntud	test	
"Lorem ipsum dolor sit amet, consectetur adipisicing elit. Dolore sit ipsam nesciunt, a aspernatur rerum."	dntud	test	some	many	
SET @OLD_CHARACTER_SET_CLIENT=@@CHARACTER_SET_CLIENT	test	dntud	many	some	
"Lorem ipsum dolor sit amet, consectetur adipisicing elit. Dolore sit ipsam nesciunt, a aspernatur rerum."	some	many	dntud	test	
SET @OLD_CHARACTER_SET_CLIENT=@@CHARACTER_SET_CLIENT	many	dntud	some	test	
"Lorem ipsum dolor sit amet, consectetur adipisicing elit. Dolore sit ipsam nesciunt, a aspernatur rerum."	some	many	dntud	test	
SET @OLD_CHARACTER_SET_CLIENT=@@CHARACTER_SET_CLIENT	test	many	some	dntud	
"Lorem ipsum dolor sit amet, consectetur adipisicing elit. Dolore sit ipsam nesciunt, a aspernatur rerum."	some	dntud	many	test	
SET @OLD_CHARACTER_SET_CLIENT=@@CHARACTER_SET_CLIENT	dntud	test	some	many	
